serial_id,object_id,layers,lvis_categories
1,103287,169,"onion, bubble gum, piggy bank/penny bank"
2,112925,37,"reamer/reamer juicer/juicer/juice reamer, pinwheel, generator"
3,1215157,131,"jelly bean/jelly egg, toy, figurine"
4,128336,49,"pipe bowl, pot, ring"
5,131971,86,"birdcage, lantern, birdhouse"
6,1582439,152,"asparagus, green onion/spring onion/scallion, celery"
7,200965,33,"nut, ring, magnet"
8,225948,91,"puncher, grape, boxing glove"
9,289671,7,"eel, coin, banana"
10,313879,27,"seashell, strainer, plume"
11,39166,,"butterfly, flashlight/torch, pendulum"
12,43553,90,"knife, pocketknife, nailfile"
13,472205,90,"earplug, funnel, bullhorn/megaphone"
14,494998,,"carnation, clip, flashlight/torch"
15,593382,71,"coffeepot, flashlight/torch, oil lamp/kerosene lamp/kerosine lamp"
16,650185,87,"Dixie cup/paper cup, cup, bowl"
17,65611,157,"oar, flashlight/torch, tennis ball"
18,69257,280,"projectile/projectile weapon/missile, kite, igniter/ignitor/lighter"
19,69931,108,"octopus/octopus animal, mint candy, mascot"
20,80597,69,"dolphin, shark, earplug"
21,814679,37,"toothbrush, needle, syringe"
22,90434,30,"keg, canister/canister, jar"
23,932611,99,"dove, urn, earplug"
24,93370,53,"bed, towel rack/towel rail/towel bar, trampoline"
25,thing-1865061-file-2916735,302,"canister/canister, eraser, keycard"
26,thing-1872372-file-2924569,209,"sour cream/soured cream, shaving cream/shaving soap, whipped cream"
27,thing-1931326-file-3021413,201,"dental floss/floss, eraser, clip"
28,thing-2000989-file-3129544,,"safety pin, pin/pin non jewelry, flashlight/torch"
29,thing-2058717-file-4607905,163,"drone, bird, green bean"
30,thing-2061243-file-3236845,14,"bread, log, toaster"
31,thing-2076493-file-3263675,30,"table lamp, ping-pong ball, thumbtack/drawing pin/pushpin"
32,thing-2086694-file-3281702,6,"green onion/spring onion/scallion, celery, lettuce"
33,thing-2126135-file-3349691,330,"chair, file/file tool, flashlight/torch"
34,thing-2146655-file-3385087,33,"arctic/arctic type of shoe/galosh/golosh/rubber/rubber type of shoe/gumshoe, sandal/sandal type of shoe, ski boot"
35,thing-2219915-file-4189255,179,"hog/pig, eraser, pin/pin non jewelry"
36,thing-2267023-file-3599415,80,"air conditioner, eraser, file/file tool"
37,thing-2274803-file-3613781,71,"stirrup, bedpan, clasp"
38,thing-2293856-file-3648808,130,"artichoke, grape, pet"
39,thing-2350843-file-3751067,401,"boat/ship/ship boat, sail, boot"
40,thing-2363600-file-3776947,151,"scrubbing brush, dustpan, barrette"
41,thing-2401643-file-3846063,32,"tank/tank storage vessel/storage tank, microwave oven, file/file tool"
42,thing-2414472-file-3870516,14,"eraser, grape, coin"
43,thing-2454916-file-4849900,14,"car/car automobile/auto/auto automobile/automobile, motor vehicle/automotive vehicle, headlight/headlamp"
44,thing-2493915-file-4029567,386,"fire alarm/smoke alarm, amplifier, flashlight/torch"
45,thing-2499598-file-4040432,84,"urinal, bedpan, toilet"
46,thing-2525335-file-4092924,328,"jar, cylinder, flashlight/torch"
47,thing-2535830-file-4127662,73,"blueberry, toy, eraser"
48,thing-2552614-file-4143276,63,"turtle, thumbtack/drawing pin/pushpin, eraser"
49,thing-2564889-file-4168009,37,"rubber band/elastic band, barrette, pitchfork"
50,thing-2584436-file-4207398,148,"salami, eraser, sausage"
51,thing-2594092-file-4226361,7,"wallet/billfold, notepad, checkbook/chequebook"
52,thing-2599826-file-4237240,3,"envelope, pendulum, notepad"
53,thing-2605446-file-4316698,72,"headset, earphone/earpiece/headphone, earplug"
54,thing-2607449-file-4252989,5,"cover, compass, card"
55,thing-2610807-file-4259541,34,"bubble gum, keycard, eraser"
56,thing-2626172-file-4288956,82,"pipe/piping, inhaler/inhalator, eraser"
57,thing-2627518-file-4292226,197,"trash can/garbage can/wastebin/dustbin/trash barrel/trash bin, pan/pan metal container, file/file tool"
58,thing-2638863-file-4314188,124,"shower cap, hairnet, barrette"
59,thing-2668945-file-4370763,447,"cornice/valance/valance board/pelmet, hinge, keycard"
60,thing-2671003-file-4375099,151,"camel, horse, pony"
61,thing-2682124-file-4394376,14,"snowman, barrette, snowmobile"
62,thing-2693341-file-4415171,223,"hourglass, pendulum, timer/stopwatch"
63,thing-2693436-file-4415385,22,"car battery/automobile battery, keycard, inkpad/inking pad/stamp pad"
64,thing-2720367-file-4463446,328,"kennel/doghouse, crate, birdcage"
65,thing-2725949-file-4476434,10,"army tank/armored combat vehicle/armoured combat vehicle, sling/sling bandage/triangular bandage, tennis ball"
66,thing-2729026-file-4482541,9,"razorblade, coin, eraser"
67,thing-2738114-file-4502582,24,"alligator/gator, flashlight/torch, green bean"
68,thing-2763173-file-4564978,486,"pencil sharpener, canister/canister, eraser"
69,thing-2768552-file-4578691,269,"hornet, airplane/aeroplane, fighter jet/fighter aircraft/attack aircraft"
70,thing-2771466-file-4585428,535,"videotape, camcorder, file/file tool"
71,thing-2774905-file-4594446,169,"bat/bat animal, flamingo, flap"
72,thing-2781082-file-4610233,25,"mushroom, flashlight/torch, ping-pong ball"
73,thing-2787506-file-4626232,11,"bandage, log, clasp"
74,thing-2789986-file-6013139,253,"taillight/rear light, razorblade, bow/bow weapon"
75,thing-2792168-file-4639472,239,"celery, earplug, ladle"
76,thing-2792438-file-4640153,177,"seahorse, coil, pin/pin non jewelry"
77,thing-2792742-file-4640778,108,"piggy bank/penny bank, urn, balloon"
78,thing-2795377-file-4647095,77,"cylinder, canister/canister, button"
79,thing-2797689-file-4653803,13,"calculator, notepad, remote control"
80,thing-2799877-file-4660259,320,"duck, flashlight/torch, hat"
81,thing-2806611-file-4858837,163,"rabbit, mascot, figurine"
82,thing-2808433-file-4683895,530,"toaster, broach, barrette"
83,thing-2810987-file-4692138,128,"pineapple, tennis ball, melon"
84,thing-2813369-file-4696385,17,"coin, poker chip, button"
85,thing-2814070-file-4698282,64,"box, broach, cube/square block"
86,thing-2817146-file-4736325,17,"bow/bow weapon, fishing rod/fishing pole, antenna/aerial/transmitting aerial"
87,thing-2819156-file-4711869,331,"sugarcane/sugarcane plant, pitchfork, green onion/spring onion/scallion"
88,thing-2836382-file-4754356,61,"penny/penny coin, coin, saucer"
89,thing-2847442-file-4785374,135,"sock, boxing glove, glove"
90,thing-2850581-file-4794587,159,"radiator, grill/grille/grillwork/radiator grille, towel rack/towel rail/towel bar"
91,thing-2856944-file-4811936,33,"poker chip, coin, thumbtack/drawing pin/pushpin"
92,thing-2880258-file-4864222,33,"sunglasses, mint candy, flashlight/torch"
93,thing-2881564-file-4866876,464,"spider, coil, grape"
94,thing-2881800-file-4867342,190,"streetlight/street lamp, lamp, flashlight/torch"
95,thing-2889838-file-4884900,6,"cymbal, barrette, bedpan"
96,thing-2891978-file-5025104,163,"headstall/headstall for horses/headpiece/headpiece for horses, barrette, clasp"
97,thing-2894948-file-4895676,538,"vase, urn, hourglass"
98,thing-2897379-file-4901378,15,"diving board, broach, television set/tv/tv set"
99,thing-2901697-file-4910261,157,"helicopter, airplane/aeroplane, drone"
100,thing-2903973-file-4959609,267,"bird, airplane/aeroplane, hummingbird"
101,thing-2906942-file-4920485,84,"hairpin, barrette, pin/pin non jewelry"
102,thing-2907321-file-4921336,20,"fedora, hat, sombrero"
103,thing-2908574-file-6640986,29,"ax/axe, pitchfork, hammer"
104,thing-2909206-file-4925069,169,"chessboard, crown, urn"
105,thing-2912036-file-8634950,40,"grape, eraser, flashlight/torch"
106,thing-2917120-file-4941622,263,"bracelet/bangle, ring, clasp"
107,thing-2923488-file-4954190,132,"buoy, lightbulb, ping-pong ball"
108,thing-2925340-file-4957970,86,"ice maker, ring, clip"
109,thing-2929297-file-4966400,331,"radar, keycard, pendulum"
110,thing-2929674-file-4966927,153,"dumbbell, hammer, cufflink"
111,thing-2930267-file-4967723,265,"aquarium/fish tank, sink, boat/ship/ship boat"
112,thing-2937975-file-4984629,137,"vent/blowhole/air vent, air conditioner, file/file tool"
113,thing-2938709-file-4986213,205,"cauliflower, sponge, butter"
114,thing-2938994-file-4986780,59,"blimp, balloon, lightbulb"
115,thing-2943177-file-4995525,13,"underwear/underclothes/underclothing/underpants, bedpan, Dixie cup/paper cup"
116,thing-2947087-file-5003974,86,"triangle/triangle musical instrument, thumbtack/drawing pin/pushpin, funnel"
117,thing-2947885-file-5005815,70,"tiara, barrette, crown"
118,thing-2948067-file-5056014,431,"ski, toy, eraser"
119,thing-2952783-file-5016531,188,"keycard, eraser, notepad"
120,thing-2956883-file-5026202,142,"polar bear, cat, dolphin"
121,thing-2958617-file-5029669,317,"globe, lightbulb, microphone"
122,thing-2960213-file-5032986,547,"crate, grape, box"
123,thing-2973343-file-5071773,500,"garbage truck, flashlight/torch, truck"
124,thing-2975389-file-5066388,97,"button, colander/cullender, sink"
125,thing-2976401-file-5069241,116,"motorcycle, toy, clip"
126,thing-2979656-file-5075966,367,"key, faucet/spigot/tap, microscope"
127,thing-2981720-file-5080493,15,"skullcap, helmet, toy"
128,thing-2987632-file-5094700,97,"kite, broach, pendulum"
129,thing-2991788-file-5104920,26,"ashtray, bowl, seashell"
130,thing-2991826-file-5105020,193,"figurine, flamingo, toy"
131,thing-2993235-file-5108179,231,"pitchfork, pin/pin non jewelry, thumbtack/drawing pin/pushpin"
132,thing-2997113-file-5117647,14,"solar array/solar battery/solar panel, flashlight/torch, keycard"
133,thing-2998944-file-5121719,25,"bench, chair, folding chair"
134,thing-2999044-file-5121959,91,"avocado, tennis ball, cantaloup/cantaloupe"
135,thing-3004492-file-5145686,24,"hatbox, bedpan, barrette"
136,thing-3020598-file-5171943,28,"tortilla, pie, pastry"
137,thing-3040371-file-5218866,60,"sheep, ram/ram animal, black sheep"
138,thing-3045162-file-5229285,35,"rat, rodent, hamster"
139,thing-3059864-file-5263944,56,"cupcake, cup, stirrer"
140,thing-3061068-file-5263439,103,"towel rack/towel rail/towel bar, hinge, barrette"
141,thing-3067166-file-7565897,3,"steering wheel, flashlight/torch, compass"
142,thing-3068666-file-5280373,35,"pacifier/teething ring, ring, button"
143,thing-3073696-file-5292052,,"camera lens, pin/pin non jewelry, clip"
144,thing-3075825-file-5296591,10,"cockroach, grape, spider"
145,thing-3077839-file-5301298,551,"helmet, football helmet, Dixie cup/paper cup"
146,thing-3077839-file-5301300,405,"neckerchief, visor/vizor, flashlight/torch"
147,thing-3077981-file-5301575,10,"bowler hat/bowler/derby hat/derby/plug hat, ring, button"
148,thing-3097129-file-5344586,4,"home plate/home plate baseball/home base/home base baseball, coin, butter"
149,thing-3104779-file-5361761,43,"ski boot, figurine, toy"
150,thing-3106091-file-5367856,85,"cigarette case/cigarette pack, barrette, broach"
151,thing-3116816-file-5397880,17,"pegboard, flashlight/torch, barrette"
152,thing-3119480-file-5393277,3,"generator, flashlight/torch, razorblade"
153,thing-3126659-file-6026802,630,"cart, pendulum, tripod"
154,thing-3128182-file-5412908,32,"flipper/flipper footwear/fin/fin footwear, flashlight/torch, barrette"
155,thing-3128265-file-5413073,489,"goggles, sunglasses, clip"
156,thing-3131998-file-5420743,4,"crown, broach, pin/pin non jewelry"
157,thing-3135865-file-5428518,80,"urn, flashlight/torch, faucet/spigot/tap"
158,thing-3146686-file-5451814,136,"Tabasco sauce, tag, coil"
159,thing-3171627-file-5506201,7,"flashlight/torch, file/file tool, keycard"
160,thing-3171662-file-5506258,65,"typewriter, pendulum, cigarette"
161,thing-3173011-file-5509007,578,"football helmet, helmet, earplug"
162,thing-3188959-file-5544765,63,"spectacles/specs/eyeglasses/glasses, clip, camera lens"
163,thing-3193822-file-5555584,123,"birdbath, bird, coin"
164,thing-3194317-file-5556789,,"cake, hatbox, card"
165,thing-3196203-file-5563154,57,"milk can, canister/canister, thermos bottle"
166,thing-3200359-file-5571188,246,"drum/drum musical instrument, tripod, cymbal"
167,thing-3203983-file-5579038,114,"dropper/eye dropper, ladle, lime"
168,thing-3207389-file-5586932,7,"sling/sling bandage/triangular bandage, vat, projectile/projectile weapon/missile"
169,thing-3223348-file-5623776,653,"pot, urn, flowerpot"
170,thing-3231054-file-5640693,163,"joystick, flashlight/torch, ping-pong ball"
171,thing-3239049-file-5658560,150,"cleat/cleat for securing rope, broach, barrette"
172,thing-3240074-file-5660939,39,"dollar/dollar bill/one dollar bill, pea/pea food, coin"
173,thing-3244195-file-5671291,555,"deer/cervid, elk/moose, horned cow"
174,thing-3251096-file-5684600,11,"spatula, toothbrush, stirrer"
175,thing-3268700-file-5718922,136,"cat, milk, flashlight/torch"
176,thing-3274648-file-5731292,220,"log, urn, cup"
177,thing-3289116-file-5758226,332,"pinecone, seashell, plume"
178,thing-3289419-file-5760175,72,"hotplate, grape, bedpan"
179,thing-3299367-file-5777880,33,"tarp, banner/streamer, raft"
180,thing-3303049-file-5784560,121,"lampshade, thimble, lamp"
181,thing-3308659-file-5794711,107,"armband, doorknob/doorhandle, clasp"
182,thing-3317646-file-5813449,138,"owl, coin, urn"
183,thing-3326608-file-5834419,91,"parakeet/parrakeet/parroket/paraquet/paroquet/parroquet, bird, glove"
184,thing-3331228-file-5845314,241,"latch, doorknob/doorhandle, clasp"
185,thing-3331497-file-5845867,155,"pan/pan metal container, keycard, file/file tool"
186,thing-3342068-file-5872690,198,"eagle, figurine, coin"
187,thing-3345511-file-5877008,314,"rifle, gun, toy"
188,thing-3347624-file-5881631,64,"string cheese, fork, rubber band/elastic band"
189,thing-3347624-file-5881644,34,"crisp/crisp potato chip/potato chip, coin, potato"
190,thing-3350058-file-5886856,64,"bobbin/spool/reel, doorknob/doorhandle, canister/canister"
191,thing-3354594-file-5897601,,"pendulum, flashlight/torch, pitchfork"
192,thing-3364130-file-5918974,128,"bolo tie/bolo/bola tie/bola, coil, pitchfork"
193,thing-3380467-file-5957581,164,"stool, stirrer, coin"
194,thing-3380664-file-5957978,57,"cash register/register/register for cash transactions, file/file tool, printer/printing machine"
195,thing-3381777-file-5960476,414,"pony, grape, flamingo"
196,thing-3383506-file-5964517,5,"chopping board/cutting board/chopping block, flash/flashbulb, keycard"
197,thing-3383798-file-5965299,48,"nailfile, thimble, ring"
198,thing-3399236-file-6000892,12,"notepad, inkpad/inking pad/stamp pad, eraser"
199,thing-3400537-file-6004259,33,"manhole, pan/pan metal container, tray"
200,thing-3410274-file-6026886,284,"cufflink, towel rack/towel rail/towel bar, eraser"
201,thing-3414181-file-6035468,8,"mattress, battery, coin"
202,thing-3415449-file-6038926,27,"plate, barrette, coin"
203,thing-3422821-file-6055193,19,"baseball base, keycard, dollhouse/doll's house"
204,thing-3438858-file-6090805,8,"motor vehicle/automotive vehicle, car/car automobile/auto/auto automobile/automobile, eraser"
205,thing-3471137-file-6167694,23,"bowling ball, bubble gum, balloon"
206,thing-3473475-file-6168046,174,"strainer, colander/cullender, racket/racquet"
207,thing-3480062-file-6181901,87,"shoe/sneaker/sneaker type of shoe/tennis shoe, arctic/arctic type of shoe/galosh/golosh/rubber/rubber type of shoe/gumshoe, sandal/sandal type of shoe"
208,thing-3481875-file-6185830,167,"cow, horned cow, rhinoceros"
209,thing-3483083-file-6188429,38,"sink, toilet, bedpan"
210,thing-3495455-file-6214781,188,"cone/traffic cone, joystick, windsock/air sock/air-sleeve/wind sleeve/wind cone"
211,thing-3503779-file-6350754,27,"strawberry, flamingo, pin/pin non jewelry"
212,thing-3507411-file-6239734,9,"scissors, dagger, pitchfork"
213,thing-3511237-file-6248353,294,"escargot, seashell, onion"
214,thing-3513144-file-6252773,30,"binder/ring-binder, keycard, notepad"
215,thing-3514771-file-6256834,26,"padlock, earplug, ring"
216,thing-3519016-file-6265788,347,"mitten, tennis ball, toy"
217,thing-3521831-file-6271256,14,"waffle iron, butter, coin"
218,thing-3522501-file-6272664,97,"thimble, cylinder, earplug"
219,thing-3522563-file-6272792,45,"tripod, ping-pong ball, frying pan/frypan/skillet"
220,thing-3522640-file-6272945,408,"gazelle, mascot, ram/ram animal"
221,thing-3523089-file-6273940,14,"racket/racquet, spoon, soupspoon"
222,thing-3541911-file-6348090,56,"syringe, barrette, eraser"
223,thing-3548298-file-6325395,342,"icecream, sour cream/soured cream, cornet/horn/trumpet"
224,thing-3549075-file-6327121,159,"cape, cloak, flash/flashbulb"
225,thing-3549409-file-6327753,166,"fireplug/fire hydrant/hydrant, yoke/yoke animal equipment, cleat/cleat for securing rope"
226,thing-3560741-file-6351747,27,"baseball bat, flashlight/torch, pitchfork"
227,thing-3562511-file-6361462,84,"bolt, earplug, thimble"
228,thing-3564222-file-6393491,23,"pie, eraser, tag"
229,thing-3568377-file-6368728,28,"ball, ping-pong ball, globe"
230,thing-3573974-file-6380825,336,"machine gun, weathervane/vane/vane weathervane/wind vane, toy"
231,thing-3579447-file-6393572,460,"teacup, figurine, earplug"
232,thing-3579535-file-6393690,197,"egg/eggs, ball, pinecone"
233,thing-3582518-file-9133136,58,"bead, pin/pin non jewelry, eraser"
234,thing-3587354-file-6429891,37,"coat hanger/clothes hanger/dress hanger, clothespin/clothes peg, stirrer"
235,thing-3602484-file-6445303,7,"gameboard, scraper, pitchfork"
236,thing-3602626-file-7550770,85,"trampoline, pitchfork, raft"
237,thing-3604717-file-6450808,153,"tomato, brake light, ring"
238,thing-3608288-file-6458584,31,"drawer, box, bread-bin/breadbox"
239,thing-3611122-file-6493253,45,"flamingo, broach, urn"
240,thing-3617164-file-6478042,101,"potholder, sponge, pin/pin non jewelry"
241,thing-3625196-file-6495834,330,"bell, bedpan, chime/gong"
242,thing-3625814-file-6559151,299,"glove, boxing glove, mitten"
243,thing-3628131-file-6502374,129,"mascot, figurine, toy"
244,thing-3632166-file-6510551,49,"sunhat, bedpan, sombrero"
245,thing-3634450-file-7534864,207,"inhaler/inhalator, cylinder, earplug"
246,thing-3634470-file-6514764,305,"potato, helmet, bedpan"
247,thing-3637570-file-6521068,23,"shark, flashlight/torch, eraser"
248,thing-3638461-file-8232492,152,"prawn/shrimp, broach, seahorse"
249,thing-3641696-file-6530172,80,"soupspoon, flashlight/torch, spoon"
250,thing-3644199-file-6535559,39,"gelatin/jelly, bottle cap/cap/cap container lid, button"
251,thing-3652771-file-6555217,48,"shopping cart, eraser, barrette"
252,thing-3654459-file-6559030,164,"thermos bottle, bottle, inhaler/inhalator"
253,thing-3657393-file-6627844,219,"dispenser, keycard, wall socket/wall plug/electric outlet/electrical outlet/outlet/electric receptacle"
254,thing-3663839-file-6579670,155,"cornet/horn/trumpet, toy, balloon"
255,thing-3665045-file-6582426,132,"popsicle, flashlight/torch, pitchfork"
256,thing-3669493-file-6593196,21,"dagger, knife, needle"
257,thing-3673820-file-6603147,237,"musical instrument/instrument/instrument musical, key, flashlight/torch"
258,thing-3675952-file-6607916,5,"banner/streamer, flashlight/torch, camera lens"
259,thing-3676459-file-6609263,27,"bedpan, futon, chaise longue/chaise/daybed"
260,thing-3676459-file-6609264,27,"chaise longue/chaise/daybed, bedpan, barrette"
261,thing-3687778-file-6634074,11,"chinaware, bedpan, flashlight/torch"
262,thing-3690677-file-9785545,92,"cube/square block, coin, keycard"
263,thing-3698975-file-6658185,77,"eggbeater/eggwhisk, earplug, eraser"
264,thing-3699788-file-6660065,63,"hat, grape, bowler hat/bowler/derby hat/derby/plug hat"
265,thing-3701827-file-6664151,97,"blender/liquidizer/liquidiser, pan/pan metal container, saltshaker"
266,thing-3708516-file-6678459,290,"space shuttle, coin, flashlight/torch"
267,thing-3708685-file-6678911,290,"pigeon, dove, bird"
268,thing-3713466-file-6689105,47,"futon, bedpan, bed"
269,thing-3720795-file-6705157,313,"tricycle, grape, clip"
270,thing-3725263-file-6715762,67,"fume hood/exhaust hood, cornice/valance/valance board/pelmet, colander/cullender"
271,thing-3726778-file-6762556,58,"cucumber/cuke, clip, pin/pin non jewelry"
272,thing-3730608-file-6727202,10,"card, coin, pin/pin non jewelry"
273,thing-3731575-file-6729487,146,"clarinet, flashlight/torch, earplug"
274,thing-3732131-file-6730744,63,"flowerpot, carnation, broach"
275,thing-3732402-file-6731319,326,"handkerchief, tissue paper, parchment"
276,thing-3732402-file-6731323,54,"broom, scarecrow/strawman, parchment"
277,thing-3733038-file-6732790,246,"dollhouse/doll's house, barrette, baseball base"
278,thing-3734560-file-6736352,63,"toilet tissue/toilet paper/bathroom tissue, canister/canister, pencil sharpener"
279,thing-3747139-file-6764428,114,"clasp, flashlight/torch, ladder"
280,thing-3753687-file-6779804,268,"toothpaste, barrette, flashlight/torch"
281,thing-3755657-file-7889555,17,"soap, eraser, coin"
282,thing-3757654-file-6787830,66,"barrel/cask, keg, canister/canister"
283,thing-3757974-file-6788486,25,"bread-bin/breadbox, pan/pan metal container, box"
284,thing-3759962-file-6792423,220,"jewel/gem/precious stone, gemstone, ring"
285,thing-3762071-file-6797161,474,"sandal/sandal type of shoe, flipper/flipper footwear/fin/fin footwear, clip"
286,thing-3765473-file-6802792,192,"bib, neckerchief, bonnet"
287,thing-3767658-file-7113499,202,"folding chair, barrette, clip"
288,thing-3768302-file-6808431,204,"pepper mill/pepper grinder, urn, candle/candlestick"
289,thing-3770851-file-6823326,299,"oil lamp/kerosene lamp/kerosine lamp, water jug, teapot"
290,thing-3776067-file-6821811,17,"inkpad/inking pad/stamp pad, notepad, file/file tool"
291,thing-3776761-file-6823480,171,"elephant, mammoth, rhinoceros"
292,thing-3777924-file-6825695,231,"beer bottle, bottle, water bottle"
293,thing-3779580-file-6829528,235,"green bean, broach, figurine"
294,thing-3782872-file-6838109,328,"eyepatch, Dixie cup/paper cup, shark"
295,thing-3783583-file-9527917,178,"saucer, headlight/headlamp, bedpan"
296,thing-3784934-file-6843040,31,"dish antenna, microscope, doorknob/doorhandle"
297,thing-3799992-file-6868682,398,"water bottle, earplug, thermos bottle"
298,thing-3801710-file-6872160,142,"rhinoceros, flashlight/torch, teapot"
299,thing-3803762-file-6875704,155,"gag/muzzle, clasp, toy"
300,thing-3816262-file-6903768,162,"magnet, ring, cylinder"
301,thing-3819144-file-6910848,57,"vat, keycard, pan/pan metal container"
302,thing-3820553-file-6913874,227,"hinge, keycard, eraser"
303,thing-3831458-file-7124422,108,"frog/toad/toad frog, lizard, pet"
304,thing-3834359-file-6944832,70,"sharpener, faucet/spigot/tap, eraser"
305,thing-3839008-file-6956258,20,"antenna/aerial/transmitting aerial, pendulum, pitchfork"
306,thing-3847476-file-7040442,52,"gun, clip, barrette"
307,thing-3850634-file-6983668,18,"toothpick, key, pitchfork"
308,thing-3851803-file-8588618,26,"cork/cork bottle plug/bottle cork, earplug, pepper mill/pepper grinder"
309,thing-3864772-file-7016189,137,"paperweight, broach, ping-pong ball"
310,thing-3865900-file-7018643,20,"ring, camera lens, eraser"
311,thing-3870313-file-7031348,137,"amplifier, pitchfork, flashlight/torch"
312,thing-3871219-file-7030786,35,"carrot, projectile/projectile weapon/missile, toy"
313,thing-3872755-file-7034613,2,"heart, barrette, flashlight/torch"
314,thing-3885745-file-7063954,4,"guitar, clip, musical instrument/instrument/instrument musical"
315,thing-3895966-file-7085340,190,"clippers/clippers for plants, pitchfork, candle/candlestick"
316,thing-3900852-file-7095682,115,"melon, tennis ball, toy"
317,thing-3907805-file-7110620,112,"gargoyle, trampoline, bolt"
318,thing-3907842-file-7110710,,"coaster, eraser, coin"
319,thing-3910831-file-7132736,111,"boxing glove, earplug, toy"
320,thing-3910945-file-7117282,226,"spoon, fork, spatula"
321,thing-3915608-file-7135194,70,"beetle, spider, cockroach"
322,thing-3923235-file-7143422,346,"lemon, jelly bean/jelly egg, butter"
323,thing-3932455-file-7162973,60,"broach, toy, clasp"
324,thing-3934732-file-7167590,,"gourd, pumpkin, blueberry"
325,thing-3938206-file-7174673,464,"lantern, toy, pendulum"
326,thing-3943106-file-7185589,483,"fork, stylus, flashlight/torch"
327,thing-3943143-file-7185672,10,"pin/pin non jewelry, ring, pitchfork"
328,thing-3946471-file-7193271,33,"raft, coin, magnet"
329,thing-3953873-file-7453090,67,"mallet, eraser, file/file tool"
330,thing-3959113-file-7220744,42,"sled/sledge/sleigh, cart, bedpan"
331,thing-3959645-file-7221688,591,"cooking utensil, toy, file/file tool"
332,thing-3962555-file-7227672,10,"clothespin/clothes peg, oar, magnet"
333,thing-3968482-file-7239800,59,"sail, triangle/triangle musical instrument, pendulum"
334,thing-3972968-file-7253404,385,"pen, needle, dagger"
335,thing-3974675-file-7252828,188,"clip, barrette, lime"
336,thing-3977021-file-7257543,100,"plume, jelly bean/jelly egg, earplug"
337,thing-3979568-file-7262319,160,"vulture, parakeet/parrakeet/parroket/paraquet/paroquet/parroquet, gargoyle"
338,thing-3982488-file-7268069,97,"oven, flash/flashbulb, coin"
339,thing-3986242-file-7276004,9,"hammer, mallet, eraser"
340,thing-3987303-file-7278089,113,"perfume, black sheep, banner/streamer"
341,thing-3993308-file-7295837,100,"butter, barrette, coin"
342,thing-3998317-file-7430798,10,"control/controller, flashlight/torch, igniter/ignitor/lighter"
343,thing-3998580-file-7301273,42,"drumstick, figurine, sock"
344,thing-4006051-file-7367227,154,"soccer ball, ball, award/accolade"
345,thing-4010259-file-7324649,53,"broccoli, glove, green bean"
346,thing-4011557-file-7327126,23,"ladle, soupspoon, spoon"
347,thing-4019067-file-7351425,323,"necktie/tie/tie necktie, pitchfork, keycard"
348,thing-4020552-file-10795575,95,"wall socket/wall plug/electric outlet/electrical outlet/outlet/electric receptacle, earplug, flashlight/torch"
349,thing-4028812-file-7360344,9,"chocolate bar, coin, keycard"
350,thing-4034970-file-7372858,114,"gorilla, toy, figurine"
351,thing-4035837-file-7374490,10,"coil, flashlight/torch, green onion/spring onion/scallion"
352,thing-4042186-file-7386573,57,"awning, flashlight/torch, reflector"
353,thing-4043782-file-7389596,45,"parachute, thumbtack/drawing pin/pushpin, balloon"
354,thing-4046208-file-7393877,10,"chalice, cup, urn"
355,thing-4055614-file-7412909,11,"sword, dagger, oar"
356,thing-4058086-file-7419513,159,"cabana, awning, tarp"
357,thing-4062115-file-7428732,70,"fish, turtle, lemon"
358,thing-4065983-file-7438711,21,"compass, pendulum, yacht"
359,thing-4066313-file-7460272,267,"sewing machine, igniter/ignitor/lighter, keycard"
360,thing-4067636-file-7441987,199,"flag, weathervane/vane/vane weathervane/wind vane, figurine"
361,thing-4068003-file-7518496,130,"telephoto lens/zoom lens, flash/flashbulb, microscope"
362,thing-4068569-file-7461276,80,"washbasin/basin/basin for washing/washbowl/washstand/handbasin, sink, bedpan"
363,thing-4068962-file-7445392,201,"violin/fiddle, toy, musical instrument/instrument/instrument musical"
364,thing-4072944-file-7454937,165,"pole/post, stool, stirrer"
365,thing-4074004-file-7457609,177,"file/file tool, grape, envelope"
366,thing-4074299-file-8010836,105,"barrette, eraser, stapler/stapler stapling machine"
367,thing-4076531-file-7463706,7,"pea/pea food, pin/pin non jewelry, green onion/spring onion/scallion"
368,thing-4078799-file-7469278,22,"knitting needle, needle, sword"
369,thing-4080277-file-7475243,173,"gemstone, jewel/gem/precious stone, ice maker"
370,thing-4086297-file-8856458,63,"pocketknife, barrette, keycard"
371,thing-4097722-file-7514664,30,"paper towel, eraser, toilet tissue/toilet paper/bathroom tissue"
372,thing-4099331-file-7518607,158,"bottle cap/cap/cap container lid, mint candy, canister/canister"
373,thing-4100598-file-7521986,146,"fighter jet/fighter aircraft/attack aircraft, jet plane/jet-propelled plane, airplane/aeroplane"
374,thing-4116606-file-7557965,109,"trophy cup, urn, award/accolade"
375,thing-4116606-file-7557979,109,"candle/candlestick, wineglass, urn"
376,thing-4122201-file-7570508,81,"chime/gong, cymbal, pendulum"
377,thing-4125475-file-9112721,136,"ski pole, toy, fishing rod/fishing pole"
378,thing-4126941-file-9706209,62,"igniter/ignitor/lighter, barrette, doorknob/doorhandle"
379,thing-4133480-file-7700522,16,"bottle, thermos bottle, jar"
380,thing-4140203-file-7614911,18,"turban, earplug, hairnet"
381,thing-4144211-file-7624998,118,"tiger, mitten, broach"
382,thing-4147780-file-7633098,163,"candle holder, thumbtack/drawing pin/pushpin, hatbox"
383,thing-4162205-file-7666624,88,"grater, crate, coin"
384,thing-4163000-file-7668598,63,"die/dice, poker chip, button"
385,thing-4163161-file-7669100,107,"dog, puppy, toy"
386,thing-4168534-file-12990731,6,"shield, coin, reflector"
387,thing-4177229-file-7713283,50,"cargo ship/cargo vessel, pan/pan metal container, keycard"
388,thing-4182091-file-7718156,502,"projector, ring, camera lens"
389,thing-4187459-file-7767482,14,"choker/collar/neckband, barrette, pitchfork"
390,thing-4187581-file-7730816,3,"dog collar, toy, mint candy"
391,thing-4187835-file-7731849,10,"blackberry, raspberry, card"
392,thing-4190980-file-7739561,58,"pet, bolt, toy"
393,thing-4628441-file-8798321,215,"crossbar, keycard, tag"
394,thing-4633252-file-8818420,49,"bucket/pail, cup, watering can"
395,thing-4637001-file-8827926,613,"mandarin orange, pendulum, coin"
396,thing-4640753-file-8840330,532,"drill, toy, pendulum"
397,thing-4646097-file-8857793,117,"bookcase, book, newspaper/paper/paper newspaper"
398,thing-4646463-file-8859134,136,"scraper, toy, space shuttle"
399,thing-4649824-file-9081344,69,"sponge, coin, butter"
400,thing-4650779-file-8873399,41,"lamp, toy, lightbulb"
401,thing-4651710-file-8876169,3,"snake/serpent, coin, banner/streamer"
402,thing-4658049-file-9748108,135,"bullhorn/megaphone, earplug, funnel"
403,thing-4660377-file-8904528,32,"lightning rod/lightning conductor, flashlight/torch, fork"
404,thing-4662785-file-8912370,68,"crowbar/wrecking bar/pry bar, key, clip"
405,thing-4663516-file-8914557,164,"sausage, earplug, boxing glove"
406,thing-4665932-file-8922122,210,"recliner/reclining chair/lounger/lounger chair, folding chair, chair"
407,thing-4667256-file-8925977,170,"umbrella, flamingo, parasol/sunshade"
408,thing-4668169-file-8931335,77,"gift wrap, box, toy"
409,thing-4670944-file-8937749,283,"pennant, flag, parachute"
410,thing-4677374-file-8969792,295,"Christmas tree, pinecone, card"
411,thing-4681209-file-8982186,2,"clock/timepiece/timekeeper, timer/stopwatch, pendulum"
412,thing-4687068-file-9002121,7,"dinghy/dory/rowboat, boat/ship/ship boat, yacht"
413,thing-4689152-file-9010791,316,"corkscrew/bottle screw, bolt, thimble"
414,thing-4689978-file-9011912,414,"tissue paper, neckerchief, pennant"
415,thing-4697088-file-9037521,207,"sawhorse/sawbuck, thumbtack/drawing pin/pushpin, pin/pin non jewelry"
416,thing-4699656-file-9045463,164,"television set/tv/tv set, flashlight/torch, pitchfork"
417,thing-4702692-file-9055461,36,"tag, cover, coin"
418,thing-4703842-file-9058945,58,"parasol/sunshade, pennant, bonnet"
419,thing-4704202-file-9060060,194,"pear, pea/pea food, onion"
420,thing-4706510-file-9067510,31,"sombrero, button, ring"
421,thing-4707214-file-9069701,17,"barge, grape, airplane/aeroplane"
422,thing-4708323-file-9073273,111,"boot, ski boot, dustpan"
423,thing-4718566-file-9106924,36,"teapot, flashlight/torch, lightbulb"
424,thing-4720753-file-9114810,34,"apricot, mandarin orange, papaya"
425,thing-4721024-file-9115666,513,"funnel, urn, pendulum"
426,thing-4727932-file-9136955,44,"ping-pong ball, lightbulb, globe"
427,thing-4730671-file-9146083,33,"table, table lamp, dining table"
428,thing-4732023-file-9150615,27,"tennis ball, ring, camera lens"
429,thing-4734678-file-9158671,15,"cassette, razorblade, keycard"
430,thing-4742201-file-9187014,274,"matchbox, cigarette case/cigarette pack, wallet/billfold"
431,thing-4743808-file-9188764,13,"ladder, grape, trampoline"
432,thing-4746991-file-9198645,99,"parchment, broach, thumbtack/drawing pin/pushpin"
433,thing-4748245-file-9203018,112,"airplane/aeroplane, diving board, trampoline"
434,thing-4748500-file-9231313,30,"stirrer, earplug, eraser"
435,thing-4750636-file-9210919,32,"tray, razorblade, eraser"
436,thing-4764948-file-9257533,400,"bear, polar bear, mitten"
437,thing-4773706-file-9286161,15,"eggplant/aubergine, grape, flashlight/torch"
438,thing-4774269-file-9288107,347,"hook, thumbtack/drawing pin/pushpin, fishing rod/fishing pole"
439,thing-4783273-file-9316811,370,"needle, dagger, thumbtack/drawing pin/pushpin"
440,thing-4784264-file-9319873,421,"earring, earplug, ring"
441,thing-4794708-file-9354704,123,"crab/crab animal, broach, toy"
442,thing-4801411-file-9377285,379,"mail slot, bedpan, dustpan"
443,thing-4803578-file-9384192,65,"lip balm, thimble, flashlight/torch"
444,thing-4807999-file-9397202,46,"toy, drill, generator"
445,thing-4816368-file-9425103,33,"pinwheel, flashlight/torch, magnet"
446,thing-4820210-file-9436481,516,"brake light, flashlight/torch, eraser"
447,thing-4820287-file-9436740,9,"passenger ship, yacht, space shuttle"
448,thing-4827362-file-9458781,35,"bonnet, broach, shower cap"
449,thing-4834291-file-9508075,42,"stylus, stirrer, pen"
450,thing-4844224-file-9512140,539,"visor/vizor, headlight/headlamp, bedpan"
451,thing-4845230-file-9516029,27,"sandwich, barrette, bread"
452,thing-4851227-file-9538373,5,"black sheep, eraser, flamingo"
453,thing-4863728-file-9590328,174,"battery, flashlight/torch, igniter/ignitor/lighter"
454,thing-4866321-file-9599267,88,"spear/lance, needle, knitting needle"
455,thing-4867130-file-9601727,21,"toilet, canister/canister, button"
456,thing-4868863-file-9608486,2,"raspberry, eraser, pin/pin non jewelry"
457,thing-4871120-file-9615262,36,"headlight/headlamp, flashlight/torch, seabird/seafowl"
458,thing-4871963-file-10321679,210,"gravy boat/gravy holder, barrette, bedpan"
459,thing-4878916-file-9641014,61,"Lego/Lego set, keycard, coin"
460,thing-4888297-file-9669917,625,"mask/facemask, gag/muzzle, visor/vizor"
461,thing-4888297-file-9669918,555,"tambourine, helmet, football helmet"
462,thing-4891921-file-9682722,270,"doorknob/doorhandle, keycard, cornice/valance/valance board/pelmet"
463,thing-4891954-file-9682813,38,"almond, thumbtack/drawing pin/pushpin, earplug"
464,thing-4909323-file-9737610,97,"person/baby/child/boy/girl/man/woman/human, balloon, figurine"
465,thing-4909323-file-9737616,159,"ostrich, pelican, duck"
466,thing-4910325-file-9742001,33,"faucet/spigot/tap, earplug, doorknob/doorhandle"
467,thing-4910355-file-9740730,105,"easel, pitchfork, coin"
468,thing-4911976-file-9746433,270,"microphone, flashlight/torch, flash/flashbulb"
469,thing-4913394-file-9750877,367,"birdhouse, box, dollhouse/doll's house"
470,thing-4914710-file-9755611,73,"timer/stopwatch, flashlight/torch, needle"
471,thing-4929944-file-9807541,115,"scarecrow/strawman, figurine, broach"
472,thing-4946494-file-9857272,15,"fishing rod/fishing pole, flashlight/torch, pitchfork"
473,thing-4950449-file-9870557,168,"grill/grille/grillwork/radiator grille, pan/pan metal container, barrette"
474,thing-4960528-file-9905200,9,"puffer/puffer fish/pufferfish/blowfish/globefish, ping-pong ball, colander/cullender"
475,thing-4965418-file-10058072,50,"hippopotamus, grape, rabbit"
476,thing-4966795-file-10062184,241,"bulldozer/dozer, broach, pin/pin non jewelry"
477,thing-4966842-file-10062238,100,"starfish/sea star, flamingo, toy"
478,thing-4976519-file-10294223,186,"propeller/propellor, flashlight/torch, generator"
479,thing-4978228-file-10299926,153,"milk, milk can, chocolate milk"
480,thing-4983059-file-10318328,75,"cloak, glove, flashlight/torch"
481,thing-4986359-file-10321969,410,"thermometer, flashlight/torch, needle"
482,thing-5022921-file-10356555,13,"mint candy, button, coin"
483,thing-5080904-file-10595575,14,"lizard, turtle, toy"
484,thing-5080904-file-10595576,88,"dragonfly, broach, gargoyle"
485,thing-5117543-file-10975518,41,"bowl, bedpan, coin"
486,thing-5128912-file-10985782,30,"thumbtack/drawing pin/pushpin, pin/pin non jewelry, earplug"
487,thing-5137347-file-11003906,144,"colander/cullender, bedpan, barrette"
488,thing-5139483-file-11170003,62,"dumpster, coin, pea/pea food"
489,thing-5165689-file-11212924,47,"lettuce, tennis ball, celery"
490,thing-5166026-file-11214054,9,"remote control, flashlight/torch, flash/flashbulb"
491,thing-5171093-file-11229837,47,"thermostat, keycard, flashlight/torch"
492,thing-5177233-file-11250304,249,"cup, Dixie cup/paper cup, urn"
493,thing-5177811-file-11252020,162,"gravestone/headstone/tombstone, eraser, grape"
494,thing-5180796-file-11292353,117,"lawn mower, turtle, toy"
495,thing-5187003-file-11279485,240,"reflector, barrette, clip"
496,thing-5192442-file-11294546,220,"stapler/stapler stapling machine, hinge, keycard"
497,thing-5195814-file-11308913,88,"jet plane/jet-propelled plane, toy, airplane/aeroplane"
498,thing-5198421-file-11315997,93,"saucepan, ladle, measuring cup"
499,thing-5199648-file-11322391,307,"hamper, crate, shopping cart"
500,thing-5199660-file-11319613,278,"microwave oven, wall socket/wall plug/electric outlet/electrical outlet/outlet/electric receptacle, barrette"
501,thing-5201678-file-11325675,37,"microscope, projectile/projectile weapon/missile, gun"
502,thing-5207597-file-11342390,41,"cigarette, razorblade, flashlight/torch"
503,thing-5209832-file-11349240,103,"saltshaker, Dixie cup/paper cup, canister/canister"
504,thing-5215125-file-11364922,581,"clock tower, flashlight/torch, compass"
505,thing-5220809-file-11381637,107,"cream pitcher, file/file tool, keycard"
506,thing-5231445-file-11418571,261,"banana, broach, earplug"
507,thing-5236452-file-11432232,37,"crucifix, crossbar, pendulum"
508,thing-5242779-file-11449434,250,"tobacco pipe, pipe bowl, inhaler/inhalator"
509,thing-5242898-file-11449742,107,"award/accolade, trophy cup, figurine"
510,thing-5247128-file-11460768,52,"flap, kite, parchment"
511,thing-5247481-file-11461930,97,"balloon, thermos bottle, canister/canister"
512,thing-5259798-file-11495838,63,"lightbulb, flashlight/torch, ping-pong ball"
513,thing-5267826-file-11516379,7,"medicine, eraser, die/dice"
514,thing-5271693-file-11526496,54,"truck, garbage truck, toy"
515,thing-5276487-file-11540023,25,"cap/cap headwear, baseball cap/jockey cap/golf cap, bonnet"
516,thing-5323169-file-11580606,50,"combination lock, grape, timer/stopwatch"
517,thing-5345833-file-11643531,,"horned cow, rhinoceros, cornet/horn/trumpet"
518,thing-5345908-file-11643966,237,"dustpan, file/file tool, flashlight/torch"
519,thing-5354214-file-11663953,100,"piano, grape, clip"
520,thing-5355778-file-11667655,45,"freight car, flashlight/torch, projectile/projectile weapon/missile"
521,thing-5367760-file-11696437,19,"lime, earplug, green bean"
